Species,project,Class,Order,K,Lm,QB,Troph,DepthMax,TempPrefMean,Generation_time,RepGuildCombined,BodyShapIII_combined,PositionWaterColumn,SwimMode,Notes
Ameiurus catus,HERS,Actinopterygii,Siluriformes,0.246,181.5,NA,3.2,NA,15.5,4.5,guarders_nesters,NA,demersal,NA,
Anchoa hepsetus,HERS,Actinopterygii,Clupeiformes,0.800000012,10.2,9.2,3.44,70,24.4,1.361167,nonguarders_open_water_substratum_egg_scatterers,elongated_oval,pelagic_neritic,subcarangiform,
Anchoa lyolepis,HERS,Actinopterygii,Clupeiformes,1,8.2,41,3.4,54,24.9,1.111071,nonguarders_open_water_substratum_egg_scatterers,elongated_oval,reef_associated,subcarangiform,
Anchoa mitchilli,HERS,Actinopterygii,Clupeiformes,0.600000024,7.19566,19.4,3.46,70,24,1.893027,nonguarders_open_water_substratum_egg_scatterers,elongated_oval,pelagic_neritic,subcarangiform,
Archosargus probatocephalus,HERS,Actinopterygii,Perciformes,0.35800001,26.91698,5.9,3.53,50,25.9,2.340293,nonguarders,fusiform_normal,reef_associated,subcarangiform,
Ariopsis felis,HERS,Actinopterygii,Siluriformes,0.150000006,39.1,3.3,3.67,20,26.4,5.860916,bearers_external_brooders,elongated,reef_associated,carangiform,
Bagre marinus,HERS,Actinopterygii,Siluriformes,0.150000006,38.6,3.3,3.51,50,24.9,5.860366,bearers_external_brooders,elongated,demersal,carangiform,
Bairdiella chrysoura,HERS,Actinopterygii,Perciformes,0.75,18.5,0,3.59,180.37,18.90741667,1.095709,nonguarders,fusiform_normal,demersal,labriform,
Brevoortia patronus,HERS,Actinopterygii,Clupeiformes,0.409999996,14.82381,8.100000381,2.19,50,24.3,1.864508,nonguarders_open_water_substratum_egg_scatterers,fusiform_normal_compressed,pelagic_neritic,carangiform,
Brevoortia tyrannus,HERS,Actinopterygii,Clupeiformes,0.433999985,20.39791,31.39999962,3.23,50,13.2,2.100592,nonguarders_open_water_substratum_egg_scatterers,fusiform_normal_compressed,pelagic_neritic,carangiform,
Centropristis striata,HERS,Actinopterygii,Perciformes,0.430000007,20.71076,4.8,3.89,50,23.6,2.124453,nonguarders_open_water_substratum_egg_scatterers,fusiform_normal,reef_associated,subcarangiform,
Chaetodipterus faber,HERS,Actinopterygii,Perciformes,0.180000007,29.07522,5.1,3.58,35,25.4,4.686341,nonguarders,short_and_or_deep,reef_associated,labriform,
Chilomycterus schoepfii,HERS,Actinopterygii,Tetraodontiformes,0.390223335,17.3,7.6,3.5,11,26.9,2.141989243,nonguarders,short_and_or_deep,reef_associated,diodontiform,
Chloroscombrus chrysurus,HERS,Actinopterygii,Perciformes,0.649999976,17.98048,14.9,3.54,110,26.2,1.217703,nonguarders_open_water_substratum_egg_scatterers,fusiform_normal,pelagic_neritic,carangiform,
Citharichthys spilopterus,HERS,Actinopterygii,Pleuronectiformes,0.419999987,13.29946,14.8,3.57,75,25.5,2.500196,nonguarders_open_water_substratum_egg_scatterers,short_and_or_deep,demersal,anguilliform,
Ctenogobius boleosoma,HERS,Actinopterygii,Gobiiformes,NA,NA,NA,3.25,NA,27.1,NA,benthicspawner,elongated,reef_associated,diodontiform,
Cynoscion arenarius,HERS,Actinopterygii,Perciformes,0.310000002,20.87219,5.3,4.17,50,24.8,2.677107,nonguarders,fusiform_normal,demersal,labriform,
Cynoscion nebulosus,HERS,Actinopterygii,Perciformes,0.134000003,45.37384,5.2,3.98,50,24.3,6.693734,nonguarders_open_water_substratum_egg_scatterers,fusiform_normal,demersal,labriform,
Cynoscion regalis,HERS,Actinopterygii,Perciformes,0.25999999,43.84591,3.2,3.77,26,12.7,3.824131,nonguarders_open_water_substratum_egg_scatterers,fusiform_normal,demersal,labriform,
Dorosoma petenense,HERS,Actinopterygii,Clupeiformes,0.37,20.1,0,2.76,15,25.5,2.236601,nonguarders_open_water_substratum_egg_scatterers,fusiform_normal_compressed,pelagic_neritic,carangiform,
Etropus crossotus,HERS,Actinopterygii,Pleuronectiformes,1.600000024,10.63759,11.7,3.49,100,25.7,0.5611027,nonguarders_open_water_substratum_egg_scatterers,short_and_or_deep,demersal,anguilliform,
Etropus microstomus,HERS,Actinopterygii,Pleuronectiformes,1.139999986,8.8,10.3,3.41,91,24.1,0.9729059,nonguarders_open_water_substratum_egg_scatterers,short_and_or_deep,demersal,anguilliform,
Eucinostomus argenteus,HERS,Actinopterygii,Perciformes,0.5,12.41954,14.6,3.24,12,27,2.119553,nonguarders,fusiform_normal,reef_associated,carangiform,
Eucinostomus gula,HERS,Actinopterygii,Perciformes,0.340000004,13.08012,12.4,2.68,55,25.5,3.09022,nonguarders,fusiform_normal,reef_associated,carangiform,
Gobionellus oceanicus,HERS,Actinopterygii,Perciformes,0.430000007,10.2,17.3,3.45,20,27.2,2.504787,guarders,fusiform_normal,demersal,diodontiform,
Gobiosoma robustum,HERS,Actinopterygii,Perciformes,0.813000023,4.175224,21.1,3.2,42.2675,23.14879529,1.511052,guarders,fusiform_normal,demersal,diodontiform,
Hypanus sabinus,HERS,Elasmobranchii,Myliobatiformes,0.176823334,34.6,4.7,3.45,25,25.5,5.098680936,bearers_internal_live_bearers,other,demersal,rajiform,
Ictalurus furcatus,HERS,NA,NA,NA,NA,NA,NA,NA,NA,NA,NA,NA,NA,NA,
Lagodon rhomboides,HERS,Actinopterygii,Perciformes,0.310000002,17.7707,7.3,3.4,15,24.3,2.533695,nonguarders,fusiform_normal,demersal,subcarangiform,
Leiostomus xanthurus,HERS,Actinopterygii,Perciformes,0.430000007,19.82294,7.2,3.23,60,24,1.89611,nonguarders,fusiform_normal,demersal,labriform,
Menidia menidia,HERS,Actinopterygii,Atheriniformes,1.039999962,8.705986,9.3,3.19,3,8.8,0.8562636,nonguarders_open_water_substratum_egg_scatterers,elongated,pelagic_neritic,carangiform,
Menticirrhus americanus,HERS,Actinopterygii,Perciformes,0.273999989,26.8664,4.6,3.4,40,24.4,3.155913,nonguarders,fusiform_normal,demersal,labriform,
Micropogonias undulatus,HERS,Actinopterygii,Perciformes,0.349999994,22.42209,8.1,4,100,24.1,2.329,nonguarders,fusiform_normal,demersal,labriform,
Ogcocephalus cubifrons,HERS,Actinopterygii,Lophiiformes,0.119999997,22.8,11.8,3.51,70,25,6.780842,nonguarders,short_and_or_deep,reef_associated,ostraciiform,
Ogcocephalus nasutus,HERS,Actinopterygii,Lophiiformes,0.119999997,22.8,8.2,3.54,305,23.5,6.780842,nonguarders,short_and_or_deep,reef_associated,ostraciiform,
Ogcocephalus radiatus,HERS,Actinopterygii,Lophiiformes,0.119999997,22.8,4.7,3.51,70,26.4,6.780842,nonguarders_open_water_substratum_egg_scatterers,short_and_or_deep,demersal,ostraciiform,
Opsanus beta,HERS,Actinopterygii,Batrachoidiformes,0.217999995,17.71556,13.4,3.63,50,24.6,3.590905,guarders_nesters,fusiform_normal,demersal,subcarangiform,
Orthopristis chrysoptera,HERS,Actinopterygii,Perciformes,0.200000003,27,2.7,3.58,50,24.4,4.181574,nonguarders_open_water_substratum_egg_scatterers,short_and_or_deep_compressed,demersal,carangiform,
Paralichthys albigutta,HERS,Actinopterygii,Pleuronectiformes,0.239999995,39.6,3.7,4.26,130,24.2,3.67922,nonguarders_open_water_substratum_egg_scatterers,short_and_or_deep,demersal,anguilliform,
Paralichthys dentatus,HERS,Actinopterygii,Pleuronectiformes,0.215000004,45.56442,4.7,4.49,183,19.1,4.18495,nonguarders_open_water_substratum_egg_scatterers,short_and_or_deep,demersal,anguilliform,
Paralichthys lethostigma,HERS,Actinopterygii,Pleuronectiformes,0.234999999,40.81977,4.5,3.48,43,23.9,3.773278,nonguarders_open_water_substratum_egg_scatterers,short_and_or_deep,demersal,anguilliform,
Peprilus burti,HERS,Actinopterygii,Perciformes,1.99000001,12.97029,11,4,275,18.1,0.4556094,nonguarders,short_and_or_deep,benthopelagic,carangiform,
Pogonias cromis,HERS,Actinopterygii,Perciformes,0.200000003,84.10913,3.2,3.38,50,23.5,4.873363,nonguarders_open_water_substratum_egg_scatterers,fusiform_normal,demersal,labriform,
Prionotus carolinus,HERS,Actinopterygii,Scorpaeniformes,0.300000012,18.19209,5.6,3.68,170,18.9,2.743016,nonguarders_open_water_substratum_egg_scatterers,fusiform_normal,demersal,tetraodontiform,
Prionotus scitulus,HERS,Actinopterygii,Scorpaeniformes,0.340000004,15.7,6.9,3.39,45,24.1,2.275827,nonguarders_open_water_substratum_egg_scatterers,fusiform_normal,demersal,tetraodontiform,
Prionotus tribulus,HERS,Actinopterygii,Scorpaeniformes,0.25,21.2,5,3.66,183,24.1,3.242638,nonguarders_open_water_substratum_egg_scatterers,fusiform_normal,demersal,tetraodontiform,
Sphoeroides maculatus,HERS,Actinopterygii,Tetraodontiformes,0.606999993,16.75806,6,4.04,183,9.3,1.524162,guarders,short_and_or_deep,demersal,tetraodontiform,
Spheoroides nephelus,HERS,NA,NA,NA,NA,NA,NA,NA,NA,NA,NA,NA,NA,NA,
Spheoroides parvus,HERS,NA,NA,NA,NA,NA,NA,NA,NA,NA,NA,NA,NA,NA,
Stellifer lanceolatus,HERS,Actinopterygii,Perciformes,0.79,12.9,0,3.5,20,23.9,1.370533,nonguarders_open_water_substratum_egg_scatterers,fusiform_normal,demersal,labriform,
Stephanolepis hispidus,HERS,Actinopterygii,Tetraodontiformes,0.400000006,15.68681,15.8,2.56,293,21.1,2.022447,nonguarders_open_water_substratum_egg_scatterers,short_and_or_deep,reef_associated,balistiform,
Symphurus plagiusa,HERS,Actinopterygii,Pleuronectiformes,0.319999993,11.81049,7.6,3.2,183,24.4,3.321797,nonguarders,short_and_or_deep,demersal,anguilliform,
Syngnathus fuscus,HERS,Actinopterygii,Syngnathiformes,0.569999993,20.1,5.9,3.34,366,4.9,1.415513,bearers_external_brooders,eel_like,demersal,amiiform,
Syngnathus scovelli,HERS,Actinopterygii,Syngnathiformes,0.810000002,11.9,12.7,3.34,6,27.2,1.318651,bearers_external_brooders,eel_like,demersal,amiiform,
Synodus foetens,HERS,Actinopterygii,Aulopiformes,0.340000004,28.2,7.7,4.42,200,24.8,2.49024,nonguarders_open_water_substratum_egg_scatterers,elongated_circular,reef_associated,carangiform,
Trichiurus lepturus,HERS,Actinopterygii,Perciformes,0.25,75.61732,3.2,4.42,589,15.2,4.634745,nonguarders_open_water_substratum_egg_scatterers,eel_like_compressed,benthopelagic,amiiform,
Trinectes maculatus,HERS,Actinopterygii,Pleuronectiformes,0.194999993,12.80535,9.5,3.36,75,17.2,5.381465,nonguarders,short_and_or_deep,demersal,anguilliform,
Acanthurus chirurgus,BRUV,Actinopterygii,Perciformes,0.704999983,12.30906,30.1,2.09,25,27.4,1.50818,nonguarders_open_water_substratum_egg_scatterers,short_and_or_deep,reef_associated,labriform,
Aulostomus maculatus,BRUV,Actinopterygii,Syngnathiformes,0.264679167,53.5,4.1,4.26,25,27.4,3.663871315,nonguarders_open_water_substratum_egg_scatterers,elongated,reef_associated,balistiform,
Abudefduf saxatilis,BRUV,Actinopterygii,Perciformes,0.319999993,14.6,26.5,3.82,20,27.3,2.392194,guarders_nesters,short_and_or_deep,reef_associated,labriform,
Acanthurus tractus,BRUV,Actinopterygii,Perciformes,1.06099999,10.97414,29.7,2,45,26.6,1.018777,nonguarders_open_water_substratum_egg_scatterers,short_and_or_deep_compressed,reef_associated,labriform,
Azurina cyanea,BRUV,NA,NA,NA,NA,NA,NA,NA,NA,NA,NA,NA,NA,NA,
Stegastes partitus,BRUV,Actinopterygii,Perciformes,0.680000007,7,37.5,2,100,26.9,1.664696,guarders_nesters,fusiform_normal_compressed,reef_associated,labriform,
Hypoplectrus puella,BRUV,Actinopterygii,Perciformes,0.649999976,10.2,14.1,3.65,23,27.4,1.680668,nonguarders_open_water_substratum_egg_scatterers,short_and_or_deep,reef_associated,subcarangiform,
Haemulon bonariense,BRUV,Actinopterygii,Perciformes,0.182999998,26.30298,7.5,3.54,50,25.95547857,4.542097,nonguarders_open_water_substratum_egg_scatterers,fusiform_normal,reef_associated,carangiform,
Caranx ruber,BRUV,Actinopterygii,Perciformes,0.143000007,37.91386,10.60000038,4.28,35,26.8,6.119787,nonguarders,fusiform_normal,reef_associated,carangiform,
Bothus lunatus,BRUV,Actinopterygii,Pleuronectiformes,0.140000001,27,6.3,4.45,100,27.3,5.95082,nonguarders,short_and_or_deep,reef_associated,anguilliform,
Bothus ocellatus,BRUV,Actinopterygii,Pleuronectiformes,0.340000004,11.8,12.8,3.78,110,27.3,3.150118,nonguarders,short_and_or_deep,reef_associated,anguilliform,
Scarus coeruleus,BRUV,Actinopterygii,Perciformes,0.324999988,33.7528,16,2,25,27.4,2.661767,nonguarders_open_water_substratum_egg_scatterers,fusiform_normal,reef_associated,labriform,
Bodianus rufus,BRUV,Actinopterygii,Perciformes,0.219999999,23.8,7.1,3.71,70,26.7,3.740184,nonguarders_open_water_substratum_egg_scatterers,fusiform_normal,reef_associated,labriform,
Centropristis ocyurus,BRUV,Actinopterygii,Perciformes,0.349999994,18.5,5.3,3.52,101,24.8,2.263663,nonguarders,fusiform_normal,demersal,subcarangiform,
Acanthurus coeruleus,BRUV,Actinopterygii,Perciformes,0.112000003,23.31224,18.8,2,40,27.4,7.261052,nonguarders_open_water_substratum_egg_scatterers,short_and_or_deep,reef_associated,labriform,
Balistes vetula,BRUV,Actinopterygii,Tetraodontiformes,0.300000012,29.29801,6.3,3.82,275,25.9,2.824275,guarders_nesters,short_and_or_deep,reef_associated,balistiform,
Halichoeres poeyi,BRUV,Actinopterygii,Perciformes,0.409999996,12.9,11.7,3.67,15,27.4,2.56688,mixed,fusiform_normal,reef_associated,labriform,
Caranx crysos,BRUV,Actinopterygii,Perciformes,0.379999995,23.14358,6.6,4.13,100,24.9,2.156698,nonguarders_open_water_substratum_egg_scatterers,fusiform_normal,reef_associated,carangiform,
Cephalopholis fulva,BRUV,Actinopterygii,Perciformes,0.200000003,16.70469,8.4,4.05,150,27,3.874166,nonguarders_open_water_substratum_egg_scatterers,fusiform_normal_oval,reef_associated,subcarangiform,
Canthigaster jamestyleri,BRUV,Actinopterygii,Tetraodontiformes,1.470000029,6.1,13.3,3.07,100,20.8,0.8005742,guarders,short_and_or_deep,reef_associated,tetraodontiform,
Azurina multilineata,BRUV,NA,NA,NA,NA,NA,NA,NA,NA,NA,NA,NA,NA,NA,
Chaetodon ocellatus,BRUV,Actinopterygii,Perciformes,0.899999976,12.9,9.6,3.7,30,27.2,1.169801,nonguarders,short_and_or_deep_compressed,reef_associated,balistiform,
Calamus pennatula,BRUV,Actinopterygii,Perciformes,0.219999999,22.3,6.3,3.72,85,27.3,3.689964,nonguarders,short_and_or_deep,reef_associated,subcarangiform,
Canthigaster rostrata,BRUV,Actinopterygii,Tetraodontiformes,1.289999962,8.2,55.6,3.28,40,26.4,0.8663341,guarders_nesters,short_and_or_deep,reef_associated,tetraodontiform,
Chaetodon striatus,BRUV,Actinopterygii,Perciformes,1.110000014,10.6,10.8,3.53,55,27.2,0.9781496,nonguarders_open_water_substratum_egg_scatterers,short_and_or_deep_compressed,reef_associated,balistiform,
Halichoeres maculipinna,BRUV,Actinopterygii,Perciformes,0.449999988,11.8,11,3.29,24,27.4,2.385645,mixed,fusiform_normal,reef_associated,labriform,
Stegastes adustus,BRUV,Actinopterygii,Perciformes,0.469999999,10,35.8,2.49,3,27.5,2.31138,guarders_nesters,short_and_or_deep_compressed,reef_associated,labriform,
Ctenogobius saepepallens,BRUV,Actinopterygii,Perciformes,1.450000048,3.8,94.3,3.35,40,27,0.8672947,guarders,elongated,reef_associated,diodontiform,
Diodon hystrix,BRUV,Actinopterygii,Tetraodontiformes,0.338880001,49.3,2.9,4.01,50,27.4,3.0954371,nonguarders,short_and_or_deep,reef_associated,diodontiform,
Decapterus macarellus,BRUV,Actinopterygii,Perciformes,1.799999952,14.66137,8.6,3.96,400,21.9,0.5440881,nonguarders_open_water_substratum_egg_scatterers,fusiform_normal_oval,pelagic_oceanic,carangiform,
Neoniphon vexillarium,BRUV,NA,NA,NA,NA,NA,NA,NA,NA,NA,NA,NA,NA,NA,
Epinephelus adscensionis,BRUV,Actinopterygii,Perciformes,0.370000005,21.64612,7.1,3.53,120,27.3,2.192198,nonguarders_open_water_substratum_egg_scatterers,fusiform_normal,demersal,subcarangiform,
Epinephelus guttatus,BRUV,Actinopterygii,Perciformes,0.119000003,31.42714,2.769999981,3.84,140.4009211,24.788,7.150506,nonguarders_open_water_substratum_egg_scatterers,fusiform_normal_oval,reef_associated,subcarangiform,
Echeneis naucrates,BRUV,Actinopterygii,Perciformes,0.206664166,58.3,3.4,3.68,85,27.2,4.86774799,nonguarders,elongated,reef_associated,subcarangiform,
Equetus punctatus,BRUV,Actinopterygii,Perciformes,0.620000005,16.9,10,3.52,30,27.4,1.259829,nonguarders_open_water_substratum_egg_scatterers,fusiform_normal,reef_associated,labriform,
Nicholsina usta,BRUV,Actinopterygii,Perciformes,0.660000026,18.5,18.4329697,2,73,25.7,1.20967,nonguarders,fusiform_normal,reef_associated,labriform,
Chaetodon capistratus,BRUV,Actinopterygii,Perciformes,1.179999948,10,7.2,3.31,20,27.4,0.9239398,nonguarders_open_water_substratum_egg_scatterers,short_and_or_deep_compressed,reef_associated,balistiform,
Aluterus scriptus,BRUV,Actinopterygii,Tetraodontiformes,0.100000001,58.3,12.3,2.81,120,27.4,9.260366,mixed,short_and_or_deep,reef_associated,balistiform,
Fistularia tabacaria,BRUV,Actinopterygii,Syngnathiformes,0.242239,98.8,5.1,3.69,200,23.8,4.71285448,nonguarders,elongated_flattened,reef_associated,balistiform,
Ginglymostoma cirratum,BRUV,Elasmobranchii,Orectolobiformes,0.08192,194.4,1.3,4.15,130,25.5,13.42224725,bearers_internal_live_bearers,elongated,reef_associated,carangiform,
Gymnothorax miliaris,BRUV,Actinopterygii,Anguilliformes,0.159999996,39.1,5.3,3.87,60,27,5.488984,nonguarders,eel_like,reef_associated,anguilliform,
Cephalopholis cruentata,BRUV,Actinopterygii,Perciformes,0.340000004,19.82294,8.9,4.25,170,26.4,2.351988,nonguarders_open_water_substratum_egg_scatterers,fusiform_normal_oval,reef_associated,subcarangiform,
Hypoplectrus guttavarius,BRUV,Actinopterygii,Perciformes,0.75999999,8.8,15.6,3.81,30,27.5,1.454359,nonguarders,short_and_or_deep,reef_associated,subcarangiform,
Gymnothorax moringa,BRUV,Actinopterygii,Anguilliformes,0.059999999,98.8,2.7,4.5,200,26.5,16.49662,nonguarders_open_water_substratum_egg_scatterers,eel_like,reef_associated,anguilliform,
Sparisoma atomarium,BRUV,Actinopterygii,Perciformes,1.827999949,6.6647,45,2,55,26,0.6326489,nonguarders_open_water_substratum_egg_scatterers,fusiform_normal,reef_associated,labriform,
Balistes capriscus,BRUV,Actinopterygii,Tetraodontiformes,0.340000004,23.40063,7.6,4.06,100,17.8,2.412553,guarders_nesters,short_and_or_deep,reef_associated,balistiform,
Holocentrus adscensionis,BRUV,Actinopterygii,Beryciformes,0.330000013,34.6,5.7,3.11,180,26.1,2.626824,nonguarders_open_water_substratum_egg_scatterers,fusiform_normal,reef_associated,carangiform,
Halichoeres bivittatus,BRUV,Actinopterygii,Perciformes,0.25,21.2,7.8,3.82,15,27.3,3.242638,nonguarders,fusiform_normal,reef_associated,labriform,
Holacanthus ciliaris,BRUV,Actinopterygii,Perciformes,0.119999997,26.5,14,2.99,70,26.7,6.897656,nonguarders_open_water_substratum_egg_scatterers,short_and_or_deep_compressed,reef_associated,labriform,
Haemulon flavolineatum,BRUV,Actinopterygii,Perciformes,0.349999994,16.83808,7.980000019,3.46,60,27.2,2.227006,nonguarders_open_water_substratum_egg_scatterers,short_and_or_deep,reef_associated,carangiform,
Halichoeres garnoti,BRUV,Actinopterygii,Perciformes,0.430000007,12.5,11.1,3.7,80,27,2.455242,mixed,fusiform_normal,reef_associated,labriform,
Hypoplectrus indigo,BRUV,Actinopterygii,Perciformes,0.689999998,9.6,14.8,3.85,45,27.5,1.600621,nonguarders,short_and_or_deep,reef_associated,subcarangiform,
Caranx latus,BRUV,Actinopterygii,Perciformes,0.170000002,54.1,3.1,4.16,140,26.5,5.411483,nonguarders_open_water_substratum_egg_scatterers,fusiform_normal,reef_associated,carangiform,
Hypoplectrus nigricans,BRUV,Actinopterygii,Perciformes,0.649999976,10.2,14.1,4,13,28,1.680668,nonguarders_open_water_substratum_egg_scatterers,short_and_or_deep,reef_associated,subcarangiform,
Haemulon macrostomum,BRUV,Actinopterygii,Perciformes,0.25,25.4,6.5,3.26,25,27.4,3.323317,nonguarders_open_water_substratum_egg_scatterers,short_and_or_deep,reef_associated,carangiform,
Haemulon plumierii,BRUV,Actinopterygii,Perciformes,0.109999999,34.9824,6,3.59,40,25.9,7.852674,nonguarders_open_water_substratum_egg_scatterers,fusiform_normal,reef_associated,carangiform,
Serranus tigrinus,BRUV,Actinopterygii,Perciformes,0.330000013,17.9,8.6,3.5,40,27.1,2.393496,nonguarders_open_water_substratum_egg_scatterers,fusiform_normal,reef_associated,subcarangiform,
Holocentrus rufus,BRUV,Actinopterygii,Beryciformes,0.939999998,17.29075,9.6,3.51,32,27.3,0.8816831,nonguarders_open_water_substratum_egg_scatterers,fusiform_normal,reef_associated,carangiform,
Haemulon sciurus,BRUV,Actinopterygii,Perciformes,0.300000012,23.56611,7.010000229,3.48,30,27.3,2.73472,nonguarders_open_water_substratum_egg_scatterers,fusiform_normal,reef_associated,carangiform,
Holacanthus tricolor,BRUV,Actinopterygii,Perciformes,0.150000006,21.2,23.1,3.01,92,27.4,5.374396,nonguarders,short_and_or_deep_compressed,reef_associated,labriform,
Hypoplectrus unicolor,BRUV,Actinopterygii,Perciformes,0.769999981,8.6,14.1,3.97,25,27.4,1.429788,nonguarders_open_water_substratum_egg_scatterers,short_and_or_deep,reef_associated,subcarangiform,
Synodus foetens,BRUV,Actinopterygii,Aulopiformes,0.340000004,28.2,7.7,4.42,200,24.8,2.49024,nonguarders_open_water_substratum_egg_scatterers,elongated_circular,reef_associated,carangiform,
Lutjanus apodus,BRUV,Actinopterygii,Perciformes,0.349999994,21.17903,8.9,4.25,63,26.4,2.308795,nonguarders_open_water_substratum_egg_scatterers,fusiform_normal_oval,reef_associated,carangiform,
Lutjanus jocu,BRUV,Actinopterygii,Perciformes,0.100000001,47.60751,5,4.41,40,25.8,9.014657,nonguarders_open_water_substratum_egg_scatterers,fusiform_normal_oval,reef_associated,carangiform,
Lutjanus griseus,BRUV,Actinopterygii,Perciformes,0.239999995,29.93246,6.3,4.23,180,24.8,3.536292,nonguarders_open_water_substratum_egg_scatterers,fusiform_normal_oval,reef_associated,carangiform,
Lutjanus mahogoni,BRUV,Actinopterygii,Perciformes,0.16,28,4.4,4.33,100,26.6,5.280299,nonguarders_open_water_substratum_egg_scatterers,fusiform_normal_oval,reef_associated,carangiform,
Lachnolaimus maximus,BRUV,Actinopterygii,Perciformes,0.079000004,48.31786,4.8,3.77,30,27.2,11.41961,nonguarders_open_water_substratum_egg_scatterers,short_and_or_deep,reef_associated,labriform,
Lutjanus synagris,BRUV,Actinopterygii,Perciformes,0.280000001,22.37045,8.7,3.82,400,24.7,2.905545,nonguarders_open_water_substratum_egg_scatterers,fusiform_normal_oval,reef_associated,carangiform,
Lactophrys triqueter,BRUV,Actinopterygii,Tetraodontiformes,0.331405072,27.5,5.2,3.25,50,25.7,2.65483054,nonguarders,short_and_or_deep,reef_associated,ostraciiform,
Microspathodon chrysurus,BRUV,Actinopterygii,Perciformes,0.340000004,13.5,15.3,2.1,120,27.5,3.092051,guarders_nesters,short_and_or_deep_compressed,reef_associated,labriform,
Mulloidichthys martinicus,BRUV,Actinopterygii,Perciformes,0.300000012,26.4,7.7,3.21,49,26.6,2.781811,nonguarders,fusiform_normal,reef_associated,carangiform,
Malacanthus plumieri,BRUV,Actinopterygii,Perciformes,0.119999997,39.1,4.4,3.71,153,26.7,7.308645,nonguarders,elongated,reef_associated,subcarangiform,
Lutjanus analis,BRUV,Actinopterygii,Perciformes,0.159999996,46.04047,4,3.91,95,24.2,5.622613,nonguarders_open_water_substratum_egg_scatterers,fusiform_normal_oval,reef_associated,carangiform,
Epinephelus striatus,BRUV,Actinopterygii,Perciformes,0.119999997,40.81977,5.5,4.05,90,26.4,7.361302,nonguarders_open_water_substratum_egg_scatterers,fusiform_normal_compressed,reef_associated,subcarangiform,
Ocyurus chrysurus,BRUV,Actinopterygii,Perciformes,0.100000001,43.17554,5.6,4.03,180,25.9,8.893765,nonguarders_open_water_substratum_egg_scatterers,fusiform_normal_oval,reef_associated,carangiform,
Cantherhines pullus,BRUV,Actinopterygii,Tetraodontiformes,0.479999989,12.9,23.9,2.62,50,26.4,2.188377,mixed,short_and_or_deep,reef_associated,balistiform,
Pomacanthus arcuatus,BRUV,Actinopterygii,Perciformes,0.090000004,34.1,16.9,3.19,30,27.3,9.571049,nonguarders_open_water_substratum_egg_scatterers,short_and_or_deep_compressed,reef_associated,labriform,
Pseudupeneus maculatus,BRUV,Actinopterygii,Perciformes,0.259000003,19.63436,8.9,3.65,90,26.4,3.076513,nonguarders_open_water_substratum_egg_scatterers,fusiform_normal,reef_associated,carangiform,
Pomacanthus paru,BRUV,Actinopterygii,Perciformes,0.214000002,26.71462,9.4,2.81,100,26.6,3.897285,nonguarders_open_water_substratum_egg_scatterers,short_and_or_deep_compressed,reef_associated,labriform,
Calamus calamus,BRUV,Actinopterygii,Perciformes,0.150000006,32.1,3.5,3.5,75,26.7,5.708498,nonguarders,short_and_or_deep,reef_associated,subcarangiform,
Pterois volitans,BRUV,Actinopterygii,Scorpaeniformes,0.319999993,25.75101,8.1,4.35,55,27.9,2.599202,nonguarders_open_water_substratum_egg_scatterers,fusiform_normal,reef_associated,subcarangiform,
Halichoeres radiatus,BRUV,Actinopterygii,Perciformes,0.170000002,29.5,7.4,3.52,55,26.8,4.961607,guarders_nesters,fusiform_normal,reef_associated,labriform,
Scarus vetula,BRUV,Actinopterygii,Perciformes,0.598999977,30.55702,19.7,2,25,27.4,1.4363,nonguarders_open_water_substratum_egg_scatterers,fusiform_normal,reef_associated,labriform,
Sparisoma aurofrenatum,BRUV,Actinopterygii,Perciformes,0.66900003,11.08606,32.6,2.02,20,27.5,1.608892,nonguarders_open_water_substratum_egg_scatterers,fusiform_normal,reef_associated,labriform,
Carcharhinus perezii,BRUV,NA,NA,NA,NA,NA,NA,NA,NA,NA,NA,NA,NA,NA,
Sparisoma amplum,BRUV,Actinopterygii,Perciformes,0.430000007,23.3,8.1,2,30,26.6,1.910141,nonguarders,short_and_or_deep_compressed,reef_associated,labriform,
Sphyraena barracuda,BRUV,Actinopterygii,Perciformes,0.086999997,87.6551,4.6,4.49,100,27.2,11.22341,nonguarders_open_water_substratum_egg_scatterers,elongated_compressed,reef_associated,carangiform,
Sparisoma chrysopterum,BRUV,Actinopterygii,Perciformes,0.782000005,23.86252,20.3,2,15,27.6,1.088692,nonguarders_open_water_substratum_egg_scatterers,fusiform_normal,reef_associated,labriform,
Stegastes diencaeus,BRUV,Actinopterygii,Perciformes,0.550000012,8.5,39.9,2,45,27.4,2.006055,guarders_nesters,short_and_or_deep_compressed,reef_associated,labriform,
Sparisoma frondosum,BRUV,Actinopterygii,Perciformes,0.439999998,18.93058,9.3,2,45,27.3,1.807988,nonguarders,short_and_or_deep_compressed,reef_associated,labriform,
Scarus guacamaia,BRUV,Actinopterygii,Perciformes,0.293000013,42.74397,13.6,2,25,27.3,3.049265,nonguarders_open_water_substratum_egg_scatterers,fusiform_normal,reef_associated,labriform,
Calamus penna,BRUV,Actinopterygii,Perciformes,0.550000012,21.69795,8.3,4.35,87,26.4,1.479507,nonguarders,short_and_or_deep,reef_associated,subcarangiform,
Scarus iseri,BRUV,Actinopterygii,Perciformes,1.235000014,7.605555,25.4,2,25,27.4,0.9176521,nonguarders_open_water_substratum_egg_scatterers,fusiform_normal,reef_associated,labriform,
Stegastes leucostictus,BRUV,Actinopterygii,Perciformes,0.680000007,7,52.4,3.09,10,27.5,1.664696,guarders_nesters,short_and_or_deep_compressed,reef_associated,labriform,
Scomberomorus regalis,BRUV,Actinopterygii,Perciformes,0.170000002,91.4,3.8,4.51,20,27.3,5.780287,nonguarders_open_water_substratum_egg_scatterers,fusiform_normal_oval,reef_associated,thunniform,
Stegastes planifrons,BRUV,Actinopterygii,Perciformes,0.579999983,9.262429,46.7,3.27,30,27.4,1.895472,guarders_nesters,short_and_or_deep_compressed,reef_associated,labriform,
Sparisoma rubripinne,BRUV,Actinopterygii,Perciformes,0.583999991,28.30032,18.1,2,15,27.5,1.449696,nonguarders_open_water_substratum_egg_scatterers,fusiform_normal,reef_associated,labriform,
Scorpaena plumieri,BRUV,Actinopterygii,Scorpaeniformes,0.129999995,26.5,4.6,3.56,60,25.6,6.369375,nonguarders_open_water_substratum_egg_scatterers,fusiform_normal,reef_associated,subcarangiform,
Scarus taeniopterus,BRUV,Actinopterygii,Perciformes,0.579999983,21.2,20.2,2.02,25,27.4,1.40924,nonguarders_open_water_substratum_egg_scatterers,fusiform_normal,reef_associated,labriform,
Sparisoma viride,BRUV,Actinopterygii,Perciformes,0.449999988,25.03836,18.1,2,50,27.2,1.844894,nonguarders_open_water_substratum_egg_scatterers,fusiform_normal_oval,reef_associated,labriform,
Acanthostracion quadricornis,BRUV,Actinopterygii,Tetraodontiformes,0.323987501,31.6,4.4,2.68,80,25.4,2.94029412,nonguarders_open_water_substratum_egg_scatterers,short_and_or_deep,reef_associated,ostraciiform,
Stegastes xanthurus,BRUV,Actinopterygii,Perciformes,0.529999971,0.9,132.94305,2.54,40.28,24.64292143,2.999302,guarders,short_and_or_deep_compressed,reef_associated,labriform,
Synodus intermedius,BRUV,Actinopterygii,Aulopiformes,0.389999986,27,4.8,4.21,320,23.2,2.153884,nonguarders_open_water_substratum_egg_scatterers,elongated_circular,reef_associated,carangiform,
Thalassoma bifasciatum,BRUV,Actinopterygii,Perciformes,0.75,10.63759,12.8,3.3,40,26.8,1.443449,mixed,fusiform_normal,reef_associated,labriform,
Hypoplectrus randallorum,BRUV,Actinopterygii,Perciformes,0.980000019,5.8,45.9,3.69,72.2075,26.20453788,1.208597,nonguarders,short_and_or_deep,reef_associated,subcarangiform,
Haemulon aurolineatum,BRUV,Actinopterygii,Perciformes,0.209999993,19.04896,7.460000038,3.46,30,27.2,3.770083,nonguarders_open_water_substratum_egg_scatterers,fusiform_normal,reef_associated,carangiform,
Haemulon album,BRUV,Actinopterygii,Perciformes,0.200000003,40.24052,5.6,3.32,60,25,4.420828,nonguarders_open_water_substratum_egg_scatterers,fusiform_normal,reef_associated,carangiform,
Halochoeres,BRUV,NA,NA,NA,NA,NA,NA,NA,NA,NA,NA,NA,NA,NA,
Echeneis neucratoides,BRUV,Actinopterygii,Perciformes,0.246209999,41.5,3.6,3.57,100,25.6,3.71781578,nonguarders,fusiform_normal,reef_associated,subcarangiform,
Hypoplectrus aberrans,BRUV,Actinopterygii,Perciformes,0.75999999,8.8,15.6,3.6,15,27.6,1.454359,nonguarders,short_and_or_deep,reef_associated,subcarangiform,
Hypoplectrus chlorurus,BRUV,Actinopterygii,Perciformes,0.769999981,8.6,15.8,3.8,23,27.4,1.429788,nonguarders_open_water_substratum_egg_scatterers,short_and_or_deep,reef_associated,subcarangiform,
Gerres cinereus,BRUV,Actinopterygii,Perciformes,0.649999976,20.57685,8.1,3.47,15,27.3,1.243337,nonguarders,fusiform_normal,reef_associated,carangiform,
Halichoeres cyanocephalus,BRUV,Actinopterygii,Perciformes,0.280000001,18.5,9.4,3.59,91,25.4,2.827079,mixed,fusiform_normal,reef_associated,labriform,
Hypanus americanus,BRUV,Elasmobranchii,Myliobatiformes,0.1,98.8,1.6,3.51,53,27.3,9.988211,bearers_internal_live_bearers,other,reef_associated,rajiform,
Gymnothorax funebris,BRUV,Actinopterygii,Anguilliformes,0.050000001,120.4,3.4,4.01,50,26,20.27041,nonguarders_open_water_substratum_egg_scatterers,eel_like,reef_associated,anguilliform,
